<?xml version="1.0" encoding="UTF-8"?>
<project-private xmlns="http://www.netbeans.org/ns/project-private/1">
    <editor-bookmarks xmlns="http://www.netbeans.org/ns/editor-bookmarks/2" lastBookmarkId="0"/>
    <open-files xmlns="http://www.netbeans.org/ns/projectui-open-files/2">
        <group>
            <file>file:/D:/SWP391_BanMOI/SwpInventory%20(1)/src/java/controller/AdminChangePassGiveUsers.java</file>
            <file>file:/D:/SWP391_BanMOI/SwpInventory%20(1)/src/java/controller/SupplierLoginPageServlet.java</file>
            <file>file:/D:/SWP391_BanMOI/SwpInventory%20(1)/src/java/controller/AddCategoryController.java</file>
            <file>file:/D:/SWP391_BanMOI/SwpInventory%20(1)/src/java/controller/SearchController.java</file>
            <file>file:/D:/SWP391_BanMOI/SwpInventory%20(1)/src/java/dao/SupplierDAO.java</file>
            <file>file:/D:/SWP391_BanMOI/SwpInventory%20(1)/src/java/dao/OrderDAO.java</file>
            <file>file:/D:/SWP391_BanMOI/SwpInventory%20(1)/src/java/controller/AdminChangePasswordServlet.java</file>
            <file>file:/D:/SWP391_BanMOI/SwpInventory%20(1)/src/java/controller/RegisterServlet.java</file>
            <file>file:/D:/SWP391_BanMOI/SwpInventory%20(1)/src/java/dal/DBConnect.java</file>
            <file>file:/D:/SWP391_BanMOI/SwpInventory%20(1)/src/java/controller/ApproveOrderServlet.java</file>
            <file>file:/D:/SWP391_BanMOI/SwpInventory%20(1)/src/java/controller/CategoriesController.java</file>
            <file>file:/D:/SWP391_BanMOI/SwpInventory%20(1)/src/java/controller/OrderDetailServlet.java</file>
            <file>file:/D:/SWP391_BanMOI/SwpInventory%20(1)/src/java/controller/EmailSender.java</file>
            <file>file:/D:/SWP391_BanMOI/SwpInventory%20(1)/src/java/controller/SystemLogServlet.java</file>
            <file>file:/D:/SWP391_BanMOI/SwpInventory%20(1)/src/java/controller/DetailController.java</file>
            <file>file:/D:/SWP391_BanMOI/SwpInventory%20(1)/web/supplier_order.jsp</file>
            <file>file:/D:/SWP391_BanMOI/SwpInventory%20(1)/src/java/controller/DeleteController.java</file>
            <file>file:/D:/SWP391_BanMOI/SwpInventory%20(1)/src/java/controller/TestOrdersServlet.java</file>
            <file>file:/D:/SWP391_BanMOI/SwpInventory%20(1)/src/java/controller/UserManagementServlet.java</file>
            <file>file:/D:/SWP391_BanMOI/SwpInventory%20(1)/src/java/controller/ForgetPassServlet.java</file>
            <file>file:/D:/SWP391_BanMOI/SwpInventory%20(1)/src/java/controller/InventoryDashboardController.java</file>
            <file>file:/D:/SWP391_BanMOI/SwpInventory%20(1)/src/java/controller/SupplierLoginServlet.java</file>
            <file>file:/D:/SWP391_BanMOI/SwpInventory%20(1)/src/java/dal/TestDBConnect.java</file>
            <file>file:/D:/SWP391_BanMOI/SwpInventory%20(1)/src/java/controller/AdminApproveUserServlet.java</file>
            <file>file:/D:/SWP391_BanMOI/SwpInventory%20(1)/src/java/controller/LoginServlet.java</file>
            <file>file:/D:/SWP391_BanMOI/SwpInventory%20(1)/src/java/controller/RemoveFromCartServlet.java</file>
            <file>file:/D:/SWP391_BanMOI/SwpInventory%20(1)/src/java/model/Supplier.java</file>
            <file>file:/D:/SWP391_BanMOI/SwpInventory%20(1)/src/java/controller/StockInController.java</file>
            <file>file:/D:/SWP391_BanMOI/SwpInventory%20(1)/src/java/dao/InventoryDAO.java</file>
            <file>file:/D:/SWP391_BanMOI/SwpInventory%20(1)/src/java/controller/ProductController.java</file>
            <file>file:/D:/SWP391_BanMOI/SwpInventory%20(1)/src/java/controller/FilterByPriceController.java</file>
            <file>file:/D:/SWP391_BanMOI/SwpInventory%20(1)/src/java/controller/DeleteCategoryController.java</file>
            <file>file:/D:/SWP391_BanMOI/SwpInventory%20(1)/src/java/controller/CreateOrderServlet.java</file>
            <file>file:/D:/SWP391_BanMOI/SwpInventory%20(1)/src/java/controller/AddProductController.java</file>
            <file>file:/D:/SWP391_BanMOI/SwpInventory%20(1)/src/java/controller/UpdateCategoryController.java</file>
            <file>file:/D:/SWP391_BanMOI/SwpInventory%20(1)/src/java/controller/AdminLoginServlet.java</file>
            <file>file:/D:/SWP391_BanMOI/SwpInventory%20(1)/src/java/controller/OtpController.java</file>
            <file>file:/D:/SWP391_BanMOI/SwpInventory%20(1)/src/java/controller/LoadCategoryController.java</file>
            <file>file:/D:/SWP391_BanMOI/SwpInventory%20(1)/web/supplier_login.jsp</file>
            <file>file:/D:/SWP391_BanMOI/SwpInventory%20(1)/src/java/controller/SubmitOrderServlet.java</file>
            <file>file:/D:/SWP391_BanMOI/SwpInventory%20(1)/src/java/controller/DeleteUserServlet.java</file>
            <file>file:/D:/SWP391_BanMOI/SwpInventory%20(1)/src/java/controller/EditUserServlet.java</file>
            <file>file:/D:/SWP391_BanMOI/SwpInventory%20(1)/web/dashboard.jsp</file>
            <file>file:/D:/SWP391_BanMOI/SwpInventory%20(1)/web/supplier_dashboard.jsp</file>
            <file>file:/D:/SWP391_BanMOI/SwpInventory%20(1)/src/java/controller/SupplierDashboardServlet.java</file>
            <file>file:/D:/SWP391_BanMOI/SwpInventory%20(1)/src/java/controller/SupplierOrderServlet.java</file>
        </group>
    </open-files>
</project-private>
