<?xml version="1.0" encoding="UTF-8"?>
<project-private xmlns="http://www.netbeans.org/ns/project-private/1">
    <editor-bookmarks xmlns="http://www.netbeans.org/ns/editor-bookmarks/2" lastBookmarkId="0"/>
    <open-files xmlns="http://www.netbeans.org/ns/projectui-open-files/2">
        <group>
            <file>file:/D:/SWP_Project_Inventory/SWP391_Project_Inventory/SwpInventory/src/java/dao/DashboardDAO.java</file>
            <file>file:/D:/SWP_Project_Inventory/SWP391_Project_Inventory/SwpInventory/src/java/dao/SupplierDAO.java</file>
            <file>file:/D:/SWP_Project_Inventory/SWP391_Project_Inventory/SwpInventory/src/java/controller/SupplierReturnRequestServlet.java</file>
            <file>file:/D:/SWP_Project_Inventory/SWP391_Project_Inventory/SwpInventory/src/java/controller/RemoveFromCartServlet.java</file>
            <file>file:/D:/SWP_Project_Inventory/SWP391_Project_Inventory/SwpInventory/src/java/controller/AdminLoginServlet.java</file>
            <file>file:/D:/SWP_Project_Inventory/SWP391_Project_Inventory/SwpInventory/src/java/controller/ChangePasswordWhenForgetController.java</file>
            <file>file:/D:/SWP_Project_Inventory/SWP391_Project_Inventory/SwpInventory/src/java/dao/StoreDashboardDAO.java</file>
            <file>file:/D:/SWP_Project_Inventory/SWP391_Project_Inventory/SwpInventory/src/java/model/SupplierAdmin.java</file>
            <file>file:/D:/SWP_Project_Inventory/SWP391_Project_Inventory/SwpInventory/web/admin_reset_password_form.jsp</file>
            <file>file:/D:/SWP_Project_Inventory/SWP391_Project_Inventory/SwpInventory/src/java/dal/DBConnect.java</file>
            <file>file:/D:/SWP_Project_Inventory/SWP391_Project_Inventory/SwpInventory/src/java/dal/TestDBConnect.java</file>
            <file>file:/D:/SWP_Project_Inventory/SWP391_Project_Inventory/SwpInventory/src/java/controller/StoreInventoryStatisticServlet.java</file>
            <file>file:/D:/SWP_Project_Inventory/SWP391_Project_Inventory/SwpInventory/src/java/dao/InventorySummaryDAO.java</file>
            <file>file:/D:/SWP_Project_Inventory/SWP391_Project_Inventory/SwpInventory/src/java/controller/AdminDashboardServlet.java</file>
            <file>file:/D:/SWP_Project_Inventory/SWP391_Project_Inventory/SwpInventory/src/java/dao/StoreInventoryDAO.java</file>
            <file>file:/D:/SWP_Project_Inventory/SWP391_Project_Inventory/SwpInventory/src/java/model/User.java</file>
            <file>file:/D:/SWP_Project_Inventory/SWP391_Project_Inventory/SwpInventory/src/java/model/Supplier.java</file>
            <file>file:/D:/SWP_Project_Inventory/SWP391_Project_Inventory/SwpInventory/web/admin_dashboard.jsp</file>
            <file>file:/D:/SWP_Project_Inventory/SWP391_Project_Inventory/SwpInventory/src/java/dao/UserDAO.java</file>
            <file>file:/D:/SWP_Project_Inventory/SWP391_Project_Inventory/SwpInventory/src/java/controller/AdminResetPasswordServlet.java</file>
        </group>
    </open-files>
</project-private>
